PST,Max TemperatureF,Mean TemperatureF,Min TemperatureF,Max Dew PointF,MeanDew PointF,Min DewpointF,Max Humidity, Mean Humidity, Min Humidity, Max Sea Level PressureIn, Mean Sea Level PressureIn, Min Sea Level PressureIn, Max VisibilityMiles, Mean VisibilityMiles, Min VisibilityMiles, Max Wind SpeedMPH, Mean Wind SpeedMPH, Max Gust SpeedMPH,PrecipitationIn, CloudCover, Events, WindDirDegrees
2007-1-1,62,50,39,44,40,37,93,72,41,30.33,30.27,30.21,10,9,7,10,2,,0.00,1,,295
2007-1-2,62,53,44,42,40,37,80,68,46,30.25,30.19,30.14,10,10,10,8,3,,0.00,0,,297
2007-1-3,62,52,42,51,45,38,100,82,58,30.24,30.19,30.14,10,7,0,9,1,,0.00,6,Fog-Rain,113
2007-1-4,57,52,45,52,46,31,100,80,56,30.31,30.16,30.10,10,8,2,20,6,28,0.10,6,Rain,303
2007-1-5,54,49,44,33,28,23,60,47,30,30.53,30.45,30.32,10,10,10,18,12,26,0.00,0,,315
2007-1-6,55,46,36,43,35,29,83,65,42,30.56,30.52,30.48,10,10,10,9,4,,0.00,0,,296
2007-1-7,62,54,45,42,39,37,83,65,39,30.59,30.52,30.46,10,10,10,10,6,,0.00,0,,288
2007-1-8,66,57,48,42,38,35,74,51,34,30.46,30.35,30.24,10,10,10,12,6,,0.00,0,,323
2007-1-9,63,51,39,41,38,35,86,66,39,30.24,30.15,30.08,10,10,9,6,2,,0.00,0,,305
2007-1-10,57,47,37,46,37,33,86,70,54,30.09,30.03,29.99,10,10,7,14,4,23,0.00,1,Rain,291
2007-1-11,50,44,37,34,29,22,68,55,33,30.10,30.04,30.02,10,10,10,12,6,,0.00,0,Rain,307
2007-1-12,48,42,35,29,16,9,76,41,21,30.26,30.16,30.05,10,10,10,28,8,31,0.00,0,,341
2007-1-13,48,39,30,18,10,3,50,33,15,30.36,30.30,30.27,10,10,9,9,5,,0.00,0,,311
2007-1-14,48,38,28,28,20,14,64,48,26,30.41,30.33,30.29,10,10,10,16,4,,0.00,0,,24
2007-1-15,53,40,28,26,21,17,75,51,26,30.53,30.46,30.42,10,10,9,8,1,,0.00,0,,313
2007-1-16,50,40,30,43,32,21,93,71,42,30.44,30.28,30.13,10,9,4,10,2,,0.11,3,Rain,291
2007-1-17,57,48,37,41,34,28,87,67,33,30.30,30.20,30.10,10,9,5,15,5,17,0.01,3,Rain,340
2007-1-18,61,47,33,34,27,15,82,56,17,30.32,30.27,30.22,10,10,10,6,1,,0.00,0,,333
2007-1-19,55,45,35,45,35,29,90,70,45,30.21,30.15,30.08,10,10,9,8,2,,0.00,0,,339
2007-1-20,61,48,35,43,38,33,93,76,41,30.22,30.15,30.11,10,10,8,14,2,,0.00,0,,340
2007-1-21,64,54,43,37,23,14,76,36,14,30.24,30.20,30.16,10,10,10,12,8,,0.00,0,,290
2007-1-22,61,48,36,33,24,18,60,41,22,30.34,30.30,30.25,10,10,10,7,3,,0.00,0,,337
2007-1-23,57,46,35,36,31,26,72,59,41,30.38,30.31,30.23,10,8,5,7,1,,0.00,0,,346
2007-1-24,60,48,35,38,33,29,80,62,35,30.27,30.22,30.17,7,6,5,9,1,,0.00,0,,346
2007-1-25,55,47,39,43,40,36,90,80,62,30.24,30.18,30.09,6,4,2,7,1,,0.00,3,,347
2007-1-26,54,49,44,47,43,39,93,84,59,30.10,30.04,30.00,5,4,2,6,3,,0.05,7,Rain,135
2007-1-27,57,52,48,50,47,46,100,90,72,30.05,30.02,29.99,10,4,1,10,1,,0.48,8,Rain,332
2007-1-28,59,52,45,48,47,43,100,88,62,30.14,30.08,30.05,10,5,1,9,1,,0.07,5,Rain,23
2007-1-29,63,54,45,45,43,40,93,74,46,30.14,30.09,30.03,10,8,4,9,2,,0.01,3,Rain,329
2007-1-30,59,50,41,47,42,36,87,78,58,30.03,29.98,29.93,10,10,9,16,3,,0.00,2,Rain,353
2007-1-31,55,52,48,42,41,39,77,67,57,30.07,30.03,29.99,10,10,9,10,3,,0.00,6,,336
2007-2-1,53,50,46,42,40,38,74,67,62,30.16,30.09,30.03,10,10,10,13,5,,0.00,8,,309
2007-2-2,55,50,44,39,38,36,76,63,49,30.31,30.21,30.15,10,9,6,10,4,,0.00,4,,34
2007-2-3,59,48,37,45,40,35,89,72,46,30.38,30.34,30.30,7,5,3,8,2,,0.00,0,,325
2007-2-4,66,52,39,44,40,37,89,66,39,30.32,30.25,30.18,10,6,4,8,1,,0.00,0,,352
2007-2-5,64,54,43,48,43,37,89,72,45,30.19,30.15,30.09,10,6,4,10,2,,0.00,0,,340
2007-2-6,61,54,46,48,45,42,93,76,50,30.16,30.12,30.06,10,6,2,12,4,,0.00,4,,63
2007-2-7,61,56,51,52,49,46,89,76,62,30.08,30.04,30.01,10,10,6,15,5,23,0.01,7,Rain,140
2007-2-8,60,56,51,52,50,48,93,82,72,30.09,30.06,30.03,10,9,4,13,3,23,0.02,7,Rain,150
2007-2-9,61,58,55,55,53,50,90,81,72,30.13,30.09,30.06,10,10,5,15,10,,0.23,7,Rain,135
2007-2-10,62,60,55,56,55,53,96,87,77,30.04,29.90,29.83,10,8,2,14,8,21,0.56,7,Rain,142
2007-2-11,61,54,46,54,48,41,94,80,49,30.10,29.98,29.85,10,10,4,14,3,,0.10,5,Rain,315
2007-2-12,59,51,43,47,43,39,93,81,51,30.13,30.10,30.06,10,8,1,9,3,,0.30,4,Rain,161
2007-2-13,57,52,46,46,44,40,93,80,55,30.27,30.17,30.10,10,10,10,10,3,,0.00,5,,300
2007-2-14,61,50,39,46,43,37,89,76,46,30.45,30.38,30.28,10,10,10,13,2,,0.00,0,,1
2007-2-15,64,54,44,52,47,40,89,80,65,30.54,30.48,30.43,10,10,10,14,3,,0.00,0,,1
2007-2-16,71,58,46,51,47,44,100,80,44,30.48,30.42,30.27,10,5,0,9,3,,0.01,2,Fog,308
2007-2-17,73,62,51,50,45,42,89,58,37,30.26,30.15,30.04,10,10,10,12,6,,0.00,0,,347
2007-2-18,60,53,46,47,44,41,90,73,53,30.04,29.94,29.87,10,10,8,15,4,17,0.00,2,,272
2007-2-19,63,54,44,43,38,29,80,61,30,30.12,30.01,29.92,10,10,10,10,5,,0.00,0,,317
2007-2-20,57,51,45,44,41,39,80,67,53,30.26,30.20,30.12,10,10,10,8,2,,0.00,7,Rain,297
2007-2-21,59,54,48,45,43,41,82,71,58,30.19,30.07,29.89,10,10,9,16,7,24,0.00,6,Rain,153
2007-2-22,55,50,44,46,42,35,93,79,47,30.04,29.92,29.82,10,8,2,18,11,24,0.57,7,Rain,184
2007-2-23,55,48,42,38,34,29,82,62,38,30.32,30.21,30.05,10,10,10,16,6,20,0.03,1,Rain,283
2007-2-24,57,48,39,48,40,32,94,72,55,30.33,30.21,30.04,10,9,4,14,5,,0.05,6,Rain,153
2007-2-25,55,52,48,48,44,39,89,78,55,30.10,30.06,30.01,10,9,2,14,7,22,0.22,8,Rain,227
2007-2-26,57,50,44,49,45,39,90,81,70,30.10,29.97,29.89,10,9,5,20,6,24,0.32,8,Rain,177
2007-2-27,53,46,39,40,37,33,89,78,48,30.04,29.98,29.93,10,9,3,14,4,22,0.20,5,Rain,181
2007-2-28,53,45,37,39,36,32,93,72,47,30.30,30.14,29.98,10,10,8,13,6,20,0.00,3,Rain,289
2007-3-1,54,46,37,41,38,32,86,73,62,30.33,30.30,30.26,10,10,10,13,4,,0.00,4,Rain,287
2007-3-2,61,50,39,44,41,36,86,72,51,30.38,30.34,30.30,10,10,10,14,3,16,0.00,0,,336
2007-3-3,66,54,43,46,43,39,89,67,45,30.34,30.28,30.22,10,10,10,8,2,,0.00,0,,352
2007-3-4,70,59,48,49,43,36,80,60,38,30.27,30.23,30.17,10,10,10,10,3,,0.00,0,,325
2007-3-5,68,60,53,46,43,40,71,57,37,30.19,30.16,30.11,10,10,7,13,3,,0.00,1,,332
2007-3-6,69,58,46,51,46,40,83,71,42,30.18,30.15,30.11,10,10,7,14,3,,0.00,0,,332
2007-3-7,62,56,51,52,48,44,83,76,62,30.21,30.14,30.11,10,9,6,14,5,,0.00,5,,327
2007-3-8,61,54,46,47,43,39,80,69,53,30.21,30.17,30.12,10,10,10,15,6,,0.00,0,,322
2007-3-9,60,52,45,47,43,39,83,70,51,30.23,30.19,30.15,10,10,10,14,3,,0.00,1,,330
2007-3-10,68,57,46,54,48,41,87,73,47,30.25,30.21,30.17,10,10,10,15,3,,0.00,0,Rain,346
2007-3-11,79,64,48,54,48,44,90,62,29,30.22,30.17,30.11,10,10,10,9,2,,0.00,0,,336
2007-3-12,80,65,52,56,51,46,87,63,43,30.14,30.08,30.01,10,10,10,10,2,,0.00,0,,349
2007-3-13,73,64,55,57,54,49,90,76,55,30.12,30.06,30.02,10,10,10,14,4,,0.00,0,,350
2007-3-14,64,57,50,50,48,45,89,72,52,30.19,30.15,30.12,10,10,9,15,4,,0.00,0,,356
2007-3-15,78,63,48,51,46,42,83,58,29,30.14,30.08,30.02,10,10,10,13,3,,0.00,0,,336
2007-3-16,78,64,51,53,48,43,77,59,30,30.08,30.04,29.98,10,10,7,12,2,,0.00,0,,328
2007-3-17,62,57,52,52,50,46,88,78,67,30.09,30.05,30.02,10,10,7,17,3,,0.00,2,,343
2007-3-18,66,56,48,53,48,45,87,77,56,30.08,30.05,30.01,10,10,9,18,4,,0.00,1,,27
2007-3-19,64,57,50,53,48,46,88,76,60,30.06,30.04,30.01,10,10,9,16,3,,0.00,2,,338
2007-3-20,60,54,50,54,47,40,94,74,58,30.05,30.03,30.01,10,10,3,14,6,17,0.12,5,Rain,258
2007-3-21,66,56,46,47,41,35,82,61,31,30.06,30.01,29.97,10,10,10,13,4,20,0.00,3,Rain,318
2007-3-22,73,60,46,49,38,27,77,52,18,30.02,29.98,29.93,10,10,10,12,3,,0.00,0,,332
2007-3-23,78,62,48,52,48,43,86,69,33,30.01,29.96,29.92,10,10,8,13,2,,0.00,0,,339
2007-3-24,68,58,50,52,48,46,89,73,56,30.15,30.05,29.97,10,10,10,21,3,23,0.00,0,,343
2007-3-25,64,58,53,52,49,46,88,77,65,30.22,30.17,30.13,10,10,10,17,3,20,0.00,4,,349
2007-3-26,66,56,48,52,48,41,88,77,56,30.16,30.08,30.03,10,10,5,18,3,26,0.07,5,Rain,265
2007-3-27,57,52,46,41,37,31,77,61,43,30.26,30.19,30.12,10,10,10,18,10,26,0.01,2,,292
2007-3-28,66,54,43,39,33,27,76,49,24,30.32,30.26,30.20,10,10,10,13,3,,0.00,0,,330
2007-3-29,73,57,42,45,36,29,73,49,21,30.25,30.20,30.13,10,10,10,14,2,,0.00,0,,348
2007-3-30,72,58,46,51,44,36,80,62,35,30.18,30.15,30.12,10,10,9,13,2,,0.00,0,,344
2007-3-31,69,57,46,54,45,35,86,67,32,30.14,30.09,30.02,10,10,8,21,3,,0.00,0,,342
2007-4-1,64,55,46,49,45,40,90,71,48,30.05,30.02,29.98,10,10,10,17,4,,0.00,1,,356
2007-4-2,69,58,46,47,42,35,77,61,29,30.10,30.06,30.04,10,10,10,15,3,,0.00,0,,342
2007-4-3,71,58,46,48,42,34,76,61,27,30.13,30.09,30.04,10,10,10,17,2,,0.00,0,Rain,347
2007-4-4,69,60,51,48,45,41,77,63,37,30.15,30.09,30.04,10,10,10,9,1,,0.00,0,,346
2007-4-5,71,62,52,52,48,43,86,71,42,30.06,30.00,29.93,10,10,7,10,1,,0.00,0,,351
2007-4-6,64,57,51,52,49,46,88,77,65,30.02,29.98,29.94,10,10,8,21,2,21,0.00,4,,3
2007-4-7,68,58,51,55,51,43,88,73,61,30.00,29.98,29.93,10,9,2,14,2,16,0.00,4,,318
2007-4-8,71,60,51,47,42,35,77,58,29,30.09,30.02,29.98,10,10,10,17,2,,0.00,1,,346
2007-4-9,66,60,51,47,41,36,74,54,32,30.19,30.13,30.08,10,10,10,16,4,22,0.00,2,,312
2007-4-10,72,59,46,41,38,32,73,49,26,30.23,30.17,30.10,10,10,10,16,2,,0.00,0,,324
2007-4-11,63,56,51,52,44,38,90,68,49,30.13,30.07,30.03,10,9,2,18,4,26,0.15,5,Rain,293
2007-4-12,64,56,48,40,36,31,68,51,33,30.17,30.13,30.09,10,10,10,18,11,22,0.00,0,,306
2007-4-13,70,57,45,50,41,36,80,59,32,30.20,30.17,30.13,10,10,10,21,3,,0.00,0,,337
2007-4-14,57,54,51,49,44,38,83,69,57,30.14,30.11,30.07,10,9,2,18,5,25,0.17,7,Rain,262
2007-4-15,68,56,46,43,39,37,74,54,33,30.10,30.03,29.96,10,10,10,15,7,23,0.00,1,Rain,303
2007-4-16,75,62,48,50,41,32,74,54,20,30.18,30.07,30.01,10,10,10,18,3,,0.00,0,,353
2007-4-17,62,54,48,47,40,33,80,61,39,30.28,30.24,30.18,10,10,9,17,6,25,0.00,3,,291
2007-4-18,61,53,46,37,35,33,68,53,36,30.29,30.25,30.19,10,10,10,16,10,23,0.00,1,,309
2007-4-19,57,50,42,44,36,33,86,60,45,30.17,30.02,29.84,10,10,6,9,2,,0.10,4,Rain,149
2007-4-20,64,54,46,46,43,38,90,68,46,30.00,29.88,29.81,10,10,8,10,3,,0.12,4,Rain,340
2007-4-21,61,53,45,47,41,34,83,66,36,30.09,30.04,29.99,10,10,3,15,3,23,0.14,4,Rain,159
2007-4-22,63,56,50,48,45,41,94,70,48,30.11,30.01,29.92,10,10,7,15,9,23,0.11,5,Rain,313
2007-4-23,70,58,46,51,44,40,83,67,44,30.25,30.16,30.11,10,10,10,18,3,,0.00,0,,350
2007-4-24,66,55,46,52,47,42,83,72,58,30.29,30.24,30.19,10,10,10,20,4,,0.00,0,,352
2007-4-25,66,56,48,50,45,39,86,66,45,30.21,30.15,30.08,10,10,10,17,4,17,0.00,1,,341
2007-4-26,69,58,48,52,46,40,77,64,45,30.06,30.01,29.96,10,10,7,18,3,,0.00,0,,340
2007-4-27,82,66,51,55,50,46,86,61,30,30.03,29.99,29.94,10,9,7,14,1,,0.00,0,,340
2007-4-28,81,68,55,56,53,50,84,62,39,30.01,29.97,29.92,10,10,10,13,2,,0.00,0,,337
2007-4-29,70,61,53,53,51,48,90,78,57,30.06,30.01,29.99,10,10,10,17,2,,0.00,3,,351
2007-4-30,77,63,51,52,43,29,83,55,23,30.06,30.01,29.94,10,10,10,18,4,20,0.00,0,,345
2007-5-1,70,58,48,50,44,38,77,59,43,30.01,29.99,29.96,10,10,10,23,3,21,0.00,2,,329
2007-5-2,66,60,52,54,46,38,89,64,37,30.15,30.03,29.96,10,10,3,16,3,21,0.05,5,Rain,283
2007-5-3,63,54,48,45,40,33,74,58,35,30.18,30.11,29.98,10,10,9,20,2,,0.02,3,Rain,211
2007-5-4,64,57,51,54,46,39,94,74,46,30.09,29.98,29.91,10,10,4,14,8,21,0.02,6,Rain,137
2007-5-5,73,60,48,44,38,33,71,46,23,30.11,30.06,30.00,10,10,10,16,4,23,0.00,0,,314
2007-5-6,88,71,55,43,40,35,62,35,17,30.10,30.03,29.94,10,10,10,15,5,22,0.00,0,,324
2007-5-7,91,75,59,54,47,35,62,41,15,30.02,29.97,29.92,10,10,10,15,2,,0.00,0,,334
2007-5-8,84,72,61,56,51,47,73,51,29,29.99,29.94,29.88,10,10,10,17,5,,0.00,0,,345
2007-5-9,73,64,55,56,53,49,84,74,55,30.04,29.96,29.92,10,10,10,16,6,,0.00,2,,342
2007-5-10,57,59,52,51,49,47,86,74,60,30.10,30.06,30.02,10,10,9,15,6,,0.00,5,,6
2007-5-11,64,57,51,50,47,43,83,72,56,30.11,30.06,30.03,10,10,10,20,6,24,0.00,3,,342
2007-5-12,64,57,50,43,42,41,76,61,42,30.14,30.12,30.11,10,10,10,13,7,22,0.00,3,,291
2007-5-13,72,58,46,53,45,39,77,64,45,30.12,30.07,30.01,10,10,10,21,5,,0.00,0,,359
2007-5-14,66,58,51,51,48,46,86,72,58,30.04,30.01,29.97,10,9,8,14,6,,0.00,0,,3
2007-5-15,63,56,51,49,47,45,83,74,58,30.10,30.05,30.00,10,10,9,16,8,21,0.00,3,,347
2007-5-16,70,59,50,48,45,34,83,66,28,30.09,30.05,29.99,10,10,10,20,6,20,0.00,2,,336
2007-5-17,68,58,50,49,46,43,83,66,44,30.09,30.07,30.03,10,10,10,17,6,,0.00,1,,10
2007-5-18,73,61,51,50,45,42,74,59,36,30.11,30.08,30.04,10,10,10,17,5,21,0.00,0,,351
2007-5-19,70,62,54,54,47,34,80,61,35,30.11,30.08,30.04,10,10,10,21,6,26,0.00,1,,347
2007-5-20,73,62,51,51,45,41,75,58,31,30.06,30.01,29.95,10,10,10,20,6,26,0.00,0,,324
2007-5-21,78,65,53,51,49,43,88,67,31,29.96,29.92,29.86,10,10,10,18,9,17,0.00,2,Rain,354
2007-5-22,81,66,52,51,45,31,77,53,17,29.92,29.89,29.85,10,10,9,20,5,21,0.00,0,Rain,349
2007-5-23,86,70,55,52,42,29,74,45,14,29.97,29.94,29.90,10,10,9,18,4,22,0.00,0,,335
2007-5-24,78,66,55,55,51,47,80,64,40,29.96,29.93,29.88,10,10,8,21,4,28,0.00,0,,336
2007-5-25,69,60,53,53,51,48,88,77,59,29.99,29.96,29.94,10,9,6,20,5,21,0.00,3,,346
2007-5-26,69,62,55,53,51,49,84,74,59,29.99,29.96,29.92,10,9,6,18,6,25,0.00,4,,7
2007-5-27,69,62,54,52,49,46,80,68,54,30.00,29.96,29.92,10,10,9,20,6,,0.00,3,,348
2007-5-28,73,62,51,54,50,46,83,70,48,29.95,29.92,29.87,10,10,9,15,6,,0.00,1,,8
2007-5-29,69,61,53,52,49,47,83,71,54,30.05,29.99,29.93,10,10,9,18,6,20,0.00,3,,18
2007-5-30,66,60,55,50,48,47,77,67,56,30.09,30.07,30.04,10,10,10,18,6,,0.00,4,,354
2007-5-31,64,58,54,51,49,46,77,70,58,30.07,30.02,29.96,10,10,10,18,7,24,0.00,4,,340
2007-6-1,66,60,55,53,50,48,83,73,59,29.97,29.93,29.87,10,9,5,17,6,20,0.00,4,,354
2007-6-2,64,60,55,52,50,48,83,75,65,30.01,29.97,29.94,10,10,10,21,5,,0.00,4,,4
2007-6-3,70,62,55,55,53,50,84,75,59,30.03,30.01,29.96,10,10,10,21,5,,0.00,3,,351
2007-6-4,73,66,59,57,55,53,81,71,51,30.05,30.02,29.99,10,10,10,21,5,30,0.00,4,,342
2007-6-5,68,62,55,55,48,42,80,62,40,30.04,30.01,29.98,10,10,10,16,8,25,0.00,4,,289
2007-6-6,70,60,53,43,42,39,69,52,36,30.07,30.05,30.01,10,10,10,15,8,23,0.00,0,,314
2007-6-7,75,64,52,50,45,39,71,55,34,30.04,30.00,29.94,10,10,10,22,5,28,0.00,0,,344
2007-6-8,70,57,51,52,46,40,80,70,58,30.00,29.97,29.92,10,10,10,15,3,24,0.00,0,,357
2007-6-9,75,62,53,55,51,48,83,68,46,29.99,29.96,29.94,10,10,8,18,5,,0.00,0,,353
2007-6-10,75,66,57,57,52,43,90,69,37,29.96,29.92,29.87,10,10,10,21,5,22,0.00,1,,356
2007-6-11,75,64,54,52,47,40,80,58,34,29.94,29.88,29.83,10,10,10,20,4,28,0.00,0,,353
2007-6-12,79,64,54,54,50,45,74,64,43,30.01,29.98,29.95,10,10,9,17,5,,0.00,0,,347
2007-6-13,90,74,59,60,54,50,73,57,30,30.03,29.97,29.89,10,10,7,16,4,20,0.00,0,,346
2007-6-14,89,75,61,60,55,53,78,58,30,29.90,29.84,29.78,10,10,8,16,4,,0.00,0,,339
2007-6-15,86,72,60,60,55,52,83,60,36,29.91,29.82,29.78,10,9,7,20,6,25,0.00,0,,351
2007-6-16,72,64,57,54,52,50,84,69,53,29.99,29.96,29.90,10,10,9,20,7,,0.00,1,,20
2007-6-17,79,66,53,55,52,48,83,64,42,29.96,29.90,29.84,10,10,8,18,5,25,0.00,0,,354
2007-6-18,79,68,57,57,54,51,81,66,42,29.90,29.84,29.81,10,8,7,15,4,18,0.00,0,,337
2007-6-19,73,64,55,55,52,47,84,67,51,30.04,29.96,29.91,10,10,8,15,5,,0.00,0,,19
2007-6-20,71,63,55,55,50,47,77,68,53,30.15,30.10,30.03,10,10,10,21,6,24,0.00,1,,354
2007-6-21,77,66,55,56,51,45,82,65,43,30.13,30.09,30.05,10,10,10,21,4,26,0.00,2,,17
2007-6-22,79,66,55,53,50,44,84,59,33,30.07,30.02,29.96,10,10,10,21,6,22,0.00,0,,354
2007-6-23,77,65,55,50,47,37,77,55,31,29.99,29.97,29.94,10,10,10,21,6,25,0.00,0,,2
2007-6-24,77,64,54,49,45,40,80,54,27,30.01,29.98,29.94,10,10,10,15,6,23,0.00,0,,5
2007-6-25,82,68,54,55,50,45,80,59,33,30.01,29.98,29.93,10,10,10,21,5,25,0.00,0,,351
2007-6-26,71,62,55,54,51,47,81,65,51,30.07,30.00,29.95,10,10,9,23,6,30,0.00,0,,355
2007-6-27,73,64,55,52,50,48,84,62,41,30.10,30.07,30.05,10,10,10,21,6,24,0.00,0,,360
2007-6-28,73,65,57,59,55,50,80,70,59,30.10,30.07,30.04,10,10,10,22,7,28,0.00,0,,358
2007-6-29,77,68,61,58,54,46,81,65,46,30.11,30.07,30.04,10,10,10,23,5,26,0.00,3,,334
2007-6-30,75,64,54,54,48,45,72,58,40,30.11,30.09,30.07,10,10,10,21,5,,0.00,0,,341
2007-7-1,78,66,54,53,47,41,77,55,32,30.11,30.08,30.06,10,10,10,22,5,21,0.00,0,,345
2007-7-2,82,69,57,57,51,46,80,55,35,30.12,30.10,30.07,10,10,10,21,6,23,0.00,0,,340
2007-7-3,72,66,59,58,56,54,87,73,61,30.13,30.08,29.99,10,10,10,17,7,,0.00,1,,356
2007-7-4,84,72,59,60,57,53,83,65,34,29.98,29.90,29.83,10,10,7,12,4,,0.00,0,,344
2007-7-5,84,73,62,61,57,54,81,63,42,29.88,29.84,29.79,10,9,6,13,3,,0.00,0,,329
2007-7-6,75,68,60,59,57,54,86,71,56,29.94,29.87,29.84,10,10,9,17,6,,0.00,0,,340
2007-7-7,73,64,57,55,53,50,82,71,51,30.00,29.96,29.93,10,10,10,21,8,,0.00,3,,41
2007-7-8,78,66,55,58,54,50,84,69,48,29.93,29.88,29.83,10,10,10,16,4,21,0.00,0,,354
2007-7-9,73,65,57,57,54,51,82,70,53,29.92,29.89,29.86,10,10,9,16,6,21,0.00,2,,10
2007-7-10,73,66,59,57,55,53,83,72,57,29.97,29.93,29.91,10,10,9,15,4,18,0.00,3,,356
2007-7-11,78,70,62,56,54,50,77,63,44,30.05,30.01,29.95,10,10,10,16,6,17,0.00,2,,354
2007-7-12,75,66,59,55,52,49,81,62,48,30.09,30.05,30.03,10,10,10,22,5,20,0.00,1,,345
2007-7-13,79,69,60,60,56,49,84,66,50,30.11,30.07,30.02,10,10,10,21,6,21,0.00,1,,346
2007-7-14,73,66,60,60,57,55,87,77,61,30.09,30.05,30.01,10,10,10,21,6,,0.00,3,,350
2007-7-15,78,70,62,62,57,50,86,70,52,30.06,30.02,29.96,10,10,10,22,6,26,0.00,3,,7
2007-7-16,75,67,59,56,54,51,81,66,46,30.00,29.97,29.93,10,10,10,21,8,20,0.00,0,,338
2007-7-17,77,68,60,58,55,52,78,64,45,29.97,29.93,29.87,10,10,6,22,5,21,0.00,0,,345
2007-7-18,75,69,63,63,59,51,90,74,48,30.01,29.96,29.90,10,8,2,17,5,,0.06,6,Rain,334
2007-7-19,80,68,59,57,54,51,81,63,43,30.01,29.97,29.92,10,10,10,23,7,23,0.00,0,,330
2007-7-20,79,68,59,61,55,50,78,66,54,29.99,29.97,29.95,10,10,10,24,5,25,0.00,0,,350
2007-7-21,77,69,61,61,58,54,81,70,58,30.06,30.02,29.99,10,10,10,22,7,24,0.00,1,,350
2007-7-22,75,69,63,62,60,58,88,74,62,30.09,30.04,29.99,10,10,10,21,6,28,0.00,3,,359
2007-7-23,79,71,64,63,60,59,88,75,58,30.02,29.97,29.90,10,10,10,17,6,23,0.00,3,,8
2007-7-24,73,67,61,60,58,55,88,75,59,29.95,29.91,29.87,10,10,9,20,6,,0.00,1,,5
2007-7-25,72,66,57,57,55,53,84,73,59,29.95,29.92,29.89,10,10,9,21,7,25,0.00,4,,10
2007-7-26,75,66,60,57,55,54,82,71,55,30.01,29.96,29.92,10,10,7,20,5,25,0.00,5,,7
2007-7-27,78,68,60,60,56,54,86,71,52,30.01,29.97,29.91,10,9,7,15,4,,0.00,3,,21
2007-7-28,77,66,57,59,56,52,88,72,52,29.98,29.95,29.91,10,10,9,16,4,20,0.00,2,,6
2007-7-29,73,65,57,59,55,53,88,71,55,29.96,29.91,29.86,10,10,10,16,4,,0.00,0,,9
2007-7-30,80,69,59,60,56,54,88,70,46,29.88,29.84,29.78,10,10,10,15,4,,0.00,2,,360
2007-7-31,75,67,59,57,55,53,88,73,53,29.91,29.87,29.82,10,10,9,16,6,22,0.00,1,,353
2007-8-1,75,66,59,58,56,53,87,73,55,29.94,29.90,29.86,10,9,7,14,5,18,0.00,3,,3
2007-8-2,73,66,60,58,56,55,86,72,55,29.99,29.96,29.92,10,10,7,13,5,,0.00,3,,349
2007-8-3,79,69,60,59,57,55,86,72,50,29.99,29.95,29.89,10,9,5,13,4,,0.00,3,,346
2007-8-4,77,67,59,59,56,53,84,70,48,29.94,29.92,29.88,10,10,10,13,5,,0.00,0,,340
2007-8-5,71,64,57,55,52,50,88,70,51,30.01,29.97,29.90,10,10,10,16,6,25,0.00,5,,272
2007-8-6,71,64,59,51,49,47,72,62,49,30.06,30.03,30.00,10,10,10,14,6,20,0.00,5,,283
2007-8-7,73,65,57,54,50,48,75,63,43,30.07,30.04,30.00,10,10,10,22,6,21,0.00,3,,321
2007-8-8,71,62,55,56,53,48,82,71,56,30.03,30.00,29.95,10,10,10,18,5,24,0.00,3,,349
2007-8-9,77,68,60,58,55,53,81,69,50,30.01,29.97,29.94,10,10,8,14,3,18,0.00,3,,1
2007-8-10,77,66,57,57,54,51,84,67,44,30.01,29.97,29.92,10,10,10,21,5,,0.00,0,,356
2007-8-11,73,64,57,56,53,51,87,70,51,30.03,30.00,29.95,10,10,10,20,6,,0.00,0,,357
2007-8-12,72,63,55,54,51,46,88,67,51,30.08,30.05,30.01,10,10,10,21,5,24,0.00,1,,354
2007-8-13,75,65,55,57,51,46,75,62,46,30.10,30.05,29.99,10,10,10,15,4,,0.00,0,,348
2007-8-14,73,64,55,56,53,47,80,68,46,30.02,29.97,29.91,10,10,10,18,4,22,0.00,0,,359
2007-8-15,75,65,57,56,54,52,88,71,50,29.99,29.95,29.91,10,10,9,24,7,28,0.00,1,,355
2007-8-16,79,69,60,58,51,42,83,59,32,30.01,29.98,29.96,10,10,10,22,5,26,0.00,0,,332
2007-8-17,80,66,55,53,48,44,72,52,36,29.98,29.93,29.86,10,10,10,18,5,,0.00,0,,341
2007-8-18,78,67,57,54,51,48,75,60,40,29.94,29.91,29.86,10,10,10,21,5,26,0.00,0,,340
2007-8-19,77,66,55,61,55,48,88,69,48,29.99,29.96,29.92,10,10,10,17,5,,0.00,1,,357
2007-8-20,80,72,64,62,60,57,88,74,48,30.02,29.99,29.96,10,10,9,21,4,24,0.00,2,,353
2007-8-21,82,72,62,62,59,57,86,70,45,29.99,29.92,29.85,10,10,10,15,5,22,0.00,0,,359
2007-8-22,82,70,60,60,57,55,87,70,48,29.85,29.79,29.73,10,10,8,17,6,24,0.00,1,,1
2007-8-23,82,69,57,59,55,53,88,70,39,29.76,29.73,29.69,10,10,9,18,5,,0.00,1,,65
2007-8-24,78,68,59,59,56,54,83,71,52,29.85,29.78,29.74,10,10,10,14,4,,0.00,2,,351
2007-8-25,73,67,61,58,56,54,81,71,55,29.94,29.90,29.85,10,10,8,17,6,21,0.00,3,,8
2007-8-26,73,68,61,57,56,55,81,72,57,29.94,29.89,29.83,10,10,10,14,7,22,0.00,4,,5
2007-8-27,78,68,59,59,56,55,88,73,48,29.88,29.85,29.81,10,10,7,12,2,,0.00,1,,343
2007-8-28,86,74,62,60,56,49,84,59,28,29.89,29.85,29.81,10,10,9,14,4,,0.00,0,,331
2007-8-29,88,78,68,61,57,52,71,54,30,29.91,29.86,29.82,10,10,10,14,4,,0.00,0,,336
2007-8-30,90,78,68,60,57,51,71,53,28,29.94,29.91,29.89,10,10,7,16,3,22,0.00,0,,337
2007-8-31,80,72,66,61,59,54,79,63,43,29.97,29.92,29.88,10,10,10,14,4,,0.00,0,,337
2007-9-1,87,73,62,60,57,52,84,63,32,29.95,29.91,29.85,10,10,10,18,4,,0.00,0,,339
2007-9-2,89,75,61,59,55,49,78,59,25,29.95,29.91,29.85,10,10,10,20,4,,0.00,0,,340
2007-9-3,78,69,61,60,57,55,81,66,48,29.97,29.93,29.90,10,10,10,18,5,26,0.00,0,,340
2007-9-4,78,70,63,61,56,52,78,65,43,29.98,29.92,29.82,10,10,10,20,5,24,0.00,3,,323
2007-9-5,89,72,57,60,53,48,78,56,25,29.81,29.76,29.69,10,10,6,14,3,,0.00,0,,327
2007-9-6,82,73,64,59,55,49,78,59,33,29.98,29.85,29.74,10,10,9,15,4,18,0.00,0,,346
2007-9-7,75,67,61,57,56,55,84,70,53,30.04,30.00,29.97,10,10,8,16,3,,0.00,2,,338
2007-9-8,73,67,62,58,56,55,78,72,57,29.99,29.94,29.89,10,10,7,15,5,,0.00,4,,357
2007-9-9,71,66,61,57,56,55,81,73,61,29.99,29.95,29.91,10,9,7,20,5,24,0.00,4,,5
2007-9-10,73,66,59,57,54,52,81,68,51,30.05,30.02,29.99,10,10,7,17,3,24,0.00,1,,340
2007-9-11,71,64,59,56,54,53,82,72,57,30.08,30.04,29.99,10,10,7,16,4,21,0.00,2,,339
2007-9-12,72,66,60,55,53,51,83,68,49,30.06,30.02,30.00,10,10,9,14,4,22,0.00,5,,312
2007-9-13,77,67,57,56,52,49,81,63,39,30.11,30.05,30.01,10,10,10,16,4,23,0.00,0,,348
2007-9-14,75,68,60,56,54,50,83,66,46,30.08,30.05,30.02,10,10,9,18,4,31,0.00,1,,332
2007-9-15,73,65,57,54,51,47,77,64,41,30.09,30.06,30.03,10,10,10,17,4,24,0.00,2,,311
2007-9-16,72,66,61,57,52,51,72,64,53,30.06,30.03,29.97,10,10,10,16,5,22,0.00,4,,313
2007-9-17,72,64,55,57,53,49,80,68,53,30.03,29.98,29.95,10,10,10,15,4,,0.00,0,,352
2007-9-18,73,64,55,55,51,45,87,66,43,30.01,29.96,29.91,10,10,10,17,5,20,0.00,0,,314
2007-9-19,66,60,55,48,46,43,72,61,48,29.94,29.90,29.87,10,10,6,20,8,30,0.00,3,,255
2007-9-20,71,62,52,49,45,43,74,59,41,29.92,29.88,29.84,10,10,10,14,4,,0.00,0,,325
2007-9-21,77,67,57,55,48,41,81,57,30,29.91,29.87,29.80,10,10,10,14,5,,0.00,2,,110
2007-9-22,64,60,57,56,54,45,94,79,53,29.96,29.91,29.86,10,9,3,9,5,,0.29,7,Rain,131
2007-9-23,68,62,55,56,53,50,86,75,54,30.07,30.01,29.95,10,10,10,12,2,,0.00,5,,332
2007-9-24,78,65,52,53,49,45,89,62,32,30.12,30.07,30.01,10,10,10,12,3,,0.01,0,,344
2007-9-25,84,68,53,53,45,37,72,49,19,30.10,30.05,29.99,10,10,10,10,2,,0.00,0,,334
2007-9-26,87,72,57,55,46,40,64,46,20,30.05,30.01,29.96,10,10,10,10,2,,0.00,0,,332
2007-9-27,75,66,55,55,50,44,81,61,34,29.98,29.92,29.85,10,10,10,17,4,24,0.00,0,,348
2007-9-28,66,60,54,54,49,45,82,66,52,29.93,29.89,29.87,10,10,10,10,4,16,0.00,7,,217
2007-9-29,73,62,52,47,42,31,77,54,21,30.08,30.02,29.94,10,10,10,10,3,,0.00,0,,318
2007-9-30,75,60,48,50,42,32,68,54,21,30.08,30.03,30.00,10,10,10,20,3,25,0.00,0,,340
2007-10-1,71,64,57,54,49,43,70,62,44,30.16,30.12,30.07,10,10,10,15,5,,0.00,3,,187
2007-10-2,81,67,53,53,48,41,80,59,24,30.15,30.10,30.03,10,10,10,15,4,,0.00,0,,1
2007-10-3,73,62,54,54,50,46,84,68,51,30.04,30.00,29.94,10,10,10,20,4,28,0.00,0,,332
2007-10-4,69,62,55,47,43,38,72,56,33,29.95,29.92,29.89,10,10,10,15,5,22,0.00,1,,296
2007-10-5,64,58,50,45,42,39,71,59,41,30.10,29.99,29.91,10,10,10,17,7,23,0.00,1,,291
2007-10-6,73,58,45,45,37,26,77,51,19,30.23,30.18,30.12,10,10,10,14,2,18,0.00,0,,333
2007-10-7,77,62,46,52,41,34,84,53,21,30.18,30.12,30.05,10,10,10,14,4,,0.00,0,,338
2007-10-8,79,65,53,53,50,43,96,74,31,30.03,29.95,29.84,10,8,1,9,2,,0.00,3,,341
2007-10-9,72,62,53,51,48,43,90,68,36,29.97,29.91,29.88,10,9,6,15,4,23,0.01,3,Rain,152
2007-10-10,69,62,54,55,52,46,94,78,50,30.14,30.05,29.91,10,8,1,16,6,24,0.35,4,Rain,324
2007-10-11,70,58,48,52,47,44,83,66,44,30.08,29.97,29.87,10,10,10,18,2,23,0.01,0,,351
2007-10-12,64,58,54,55,52,46,94,83,62,29.88,29.81,29.76,10,7,2,15,7,21,0.69,7,Rain,81
2007-10-13,70,62,53,53,52,50,94,77,49,29.98,29.95,29.89,10,8,2,14,3,,0.00,1,,347
2007-10-14,66,58,51,54,52,48,93,81,65,30.02,29.98,29.93,10,8,4,13,2,,0.01,2,,335
2007-10-15,68,59,52,56,51,48,89,76,57,29.98,29.94,29.91,10,10,7,12,2,18,0.01,5,Rain,240
2007-10-16,66,58,52,52,49,46,83,71,54,29.98,29.93,29.88,10,10,10,9,4,16,0.01,3,Rain,176
2007-10-17,66,58,50,52,47,41,86,66,44,30.14,30.06,29.95,10,10,10,14,4,,0.00,2,,346
2007-10-18,73,62,50,56,47,42,81,64,34,30.19,30.14,30.10,10,10,10,10,3,,0.00,3,,4
2007-10-19,72,66,57,57,55,47,90,71,55,30.13,30.06,29.99,10,10,3,15,4,25,0.02,7,Rain,275
2007-10-20,66,60,54,51,45,39,86,63,39,30.24,30.15,30.07,10,10,10,15,5,24,0.00,1,,299
2007-10-21,73,62,51,43,37,30,71,43,21,30.28,30.23,30.20,10,10,10,10,4,,0.00,0,,309
2007-10-22,81,66,51,44,37,31,63,39,18,30.34,30.28,30.24,10,10,10,8,1,,0.00,0,,7
2007-10-23,84,68,53,48,44,41,66,47,23,30.27,30.20,30.11,10,10,10,7,1,,0.00,0,,357
2007-10-24,79,67,55,57,49,45,78,58,30,30.14,30.09,30.03,10,10,10,9,2,,0.00,0,,342
2007-10-25,66,60,53,54,50,48,83,73,57,30.04,29.96,29.91,10,10,8,14,3,,0.00,0,,4
2007-10-26,68,56,46,49,47,42,88,73,51,30.00,29.92,29.88,10,10,7,14,3,,0.00,2,,74
2007-10-27,66,58,52,51,49,47,86,73,58,30.23,30.11,30.00,10,10,8,12,2,,0.00,0,,342
2007-10-28,75,62,52,56,51,48,89,71,46,30.28,30.20,30.14,10,10,8,10,2,,0.00,0,,329
2007-10-29,63,58,55,54,52,49,90,81,72,30.17,30.12,30.09,10,9,5,16,3,,0.01,5,Rain,331
2007-10-30,63,58,53,50,49,48,82,72,59,30.23,30.19,30.16,10,10,10,12,4,,0.00,5,,318
2007-10-31,63,58,54,53,51,49,88,82,70,30.24,30.20,30.15,10,8,4,9,2,,0.00,5,,339
2007-11-1,66,60,53,54,52,50,94,81,60,30.20,30.14,30.06,10,7,3,8,1,,0.00,4,,350
2007-11-2,77,62,50,53,46,42,86,61,32,30.15,30.10,30.06,10,10,5,10,2,,0.00,0,,314
2007-11-3,80,64,48,48,40,36,74,49,22,30.17,30.12,30.06,10,10,10,9,1,,0.00,0,,326
2007-11-4,77,62,48,50,43,37,68,54,29,30.12,30.07,30.01,10,10,10,7,1,,0.00,0,,335
2007-11-5,66,57,48,52,49,43,86,76,54,30.09,30.05,30.01,10,8,4,9,2,,0.00,2,,337
2007-11-6,62,58,52,51,49,47,86,78,62,30.08,30.04,29.99,10,6,3,8,2,,0.00,4,,355
2007-11-7,61,54,48,52,49,45,89,83,70,30.11,30.06,30.03,9,4,1,9,1,,0.00,6,,346
2007-11-8,59,56,53,50,49,47,88,77,67,30.13,30.07,30.01,10,6,2,7,3,,0.03,7,,111
2007-11-9,63,56,48,51,48,45,89,75,58,30.08,30.04,30.01,10,10,5,8,3,,0.00,3,,186
2007-11-10,66,57,48,57,53,45,94,78,52,30.10,30.02,29.96,10,7,2,10,3,,0.27,6,Rain,92
2007-11-11,63,57,48,52,46,40,82,70,48,30.12,30.03,29.96,10,9,4,13,3,21,0.15,5,Rain,301
2007-11-12,68,56,44,46,42,39,86,62,39,30.26,30.20,30.12,10,10,10,7,2,,0.00,1,,18
2007-11-13,72,62,51,58,49,39,89,65,50,30.27,30.21,30.14,10,10,10,8,2,,0.00,3,,331
2007-11-14,75,65,55,55,52,49,86,70,42,30.12,30.07,30.02,10,10,10,9,3,,0.00,0,,325
2007-11-15,69,60,51,55,52,48,90,79,54,30.09,30.05,30.01,10,10,9,15,3,,0.00,1,,351
2007-11-16,63,59,55,54,52,51,93,82,67,30.16,30.12,30.08,10,10,7,10,2,,0.00,4,,351
2007-11-17,66,58,51,54,51,47,94,81,60,30.19,30.13,30.09,10,9,3,13,2,,0.01,2,,338
2007-11-18,64,58,53,56,53,51,100,90,72,30.14,30.11,30.06,10,4,0,10,3,,0.00,8,Fog,304
2007-11-19,66,57,48,54,50,43,89,75,60,30.17,30.14,30.10,10,10,10,15,3,17,0.00,3,,329
2007-11-20,63,54,46,45,37,29,86,58,30,30.16,30.13,30.08,10,10,10,14,3,23,0.01,0,,315
2007-11-21,64,54,43,40,32,25,71,49,24,30.16,30.12,30.07,10,10,10,9,3,,0.00,0,,310
2007-11-22,64,50,37,37,32,27,79,52,25,30.14,30.09,30.04,10,10,9,9,1,,0.00,0,,297
2007-11-23,70,54,37,33,24,12,76,39,11,30.12,30.09,30.06,10,10,6,13,3,,0.00,0,,347
2007-11-24,60,48,37,37,30,23,70,50,24,30.14,30.08,30.03,10,10,10,6,1,,0.00,0,,330
2007-11-25,60,53,46,42,37,32,71,59,35,30.15,30.08,30.02,10,10,8,5,2,,0.00,0,,347
2007-11-26,63,52,42,39,37,35,79,60,35,30.24,30.20,30.14,10,8,7,6,1,,0.00,0,,332
2007-11-27,63,54,45,48,42,37,86,68,45,30.30,30.22,30.16,10,10,8,8,3,,0.00,1,,322
2007-11-28,64,55,46,41,28,21,79,38,20,30.30,30.26,30.21,10,10,10,22,8,25,0.00,0,,332
2007-11-29,62,52,41,43,34,28,77,56,31,30.22,30.10,29.99,10,10,8,8,2,,0.00,0,,345
2007-11-30,55,48,42,37,34,30,80,62,37,29.98,29.88,29.74,10,10,10,9,4,,0.00,1,,298
2007-12-1,57,47,37,38,34,30,79,63,40,30.19,29.95,29.74,10,10,10,13,3,,0.00,2,,180
2007-12-2,61,53,45,47,40,35,72,60,47,30.38,30.30,30.19,10,10,10,16,10,25,0.00,5,,147
2007-12-3,66,58,50,45,43,39,68,54,43,30.49,30.42,30.38,10,10,10,14,7,18,0.00,3,,138
2007-12-4,61,58,54,55,52,43,94,83,52,30.42,30.33,30.22,10,8,2,20,4,,0.22,8,Rain,329
2007-12-5,60,55,50,54,51,47,100,90,78,30.19,30.10,30.01,10,5,0,10,2,,0.01,3,Fog,352
2007-12-6,57,52,48,52,49,46,94,86,77,30.01,29.80,29.57,10,9,3,18,4,34,0.17,7,Rain,156
2007-12-7,55,50,45,48,44,39,88,76,64,30.07,29.87,29.64,10,10,4,13,9,23,0.09,5,Rain,277
2007-12-8,53,48,42,40,35,28,82,64,43,30.13,30.05,29.99,10,10,10,8,4,,0.00,2,,302
2007-12-9,57,48,39,38,29,22,66,48,26,30.22,30.16,30.11,10,10,10,8,4,,0.00,1,,312
2007-12-10,57,48,39,38,32,28,71,57,35,30.09,30.01,29.94,10,10,9,10,3,16,0.00,0,,302
2007-12-11,57,50,41,28,24,21,57,39,24,30.32,30.18,30.00,10,10,10,9,4,,0.00,0,,341
2007-12-12,55,45,35,33,30,27,72,56,37,30.40,30.35,30.31,10,10,9,7,1,,0.00,1,,319
2007-12-13,59,46,34,37,31,27,76,60,29,30.31,30.25,30.18,10,10,9,5,1,,0.00,0,,300
2007-12-14,55,44,34,41,35,29,86,70,42,30.33,30.26,30.22,10,10,9,7,1,,0.00,0,,5
2007-12-15,55,47,39,45,40,35,93,79,61,30.35,30.29,30.22,10,10,8,10,2,,0.00,3,,26
2007-12-16,55,49,43,44,40,36,89,70,47,30.20,30.09,30.00,10,10,8,13,4,20,0.00,6,,157
2007-12-17,57,52,48,48,44,39,89,73,53,30.08,30.04,30.00,10,10,4,14,7,21,0.10,4,Rain,148
2007-12-18,57,52,43,54,48,40,94,86,75,30.14,30.00,29.92,10,9,2,15,8,22,0.37,6,Rain,148
2007-12-19,59,50,41,45,42,39,93,75,53,30.26,30.20,30.15,10,10,9,16,2,22,0.00,4,,142
2007-12-20,55,50,43,52,43,33,100,76,43,30.29,30.18,30.09,10,8,2,14,7,21,0.23,3,Rain,286
2007-12-21,53,46,39,36,32,27,83,62,39,30.41,30.34,30.29,10,10,10,7,3,,0.00,0,,292
2007-12-22,53,42,32,35,31,27,82,64,40,30.52,30.47,30.41,10,10,10,7,1,,0.00,0,,335
2007-12-23,55,46,37,42,36,31,83,69,40,30.51,30.46,30.39,10,10,8,8,1,,0.00,0,,317
2007-12-24,57,52,45,48,43,36,97,76,44,30.44,30.40,30.37,10,8,2,10,3,20,0.00,4,Rain,312
2007-12-25,57,47,37,41,29,15,80,53,19,30.43,30.38,30.34,10,10,3,15,3,,0.00,2,Rain,320
2007-12-26,53,48,43,45,36,30,93,69,45,30.38,30.32,30.27,10,9,2,16,6,23,0.02,2,Rain,306
2007-12-27,48,42,37,37,28,21,80,54,33,30.36,30.29,30.21,10,10,10,13,5,,0.05,3,Rain,335
2007-12-28,48,46,43,43,39,34,89,78,71,30.23,30.19,30.14,10,9,4,17,9,28,0.02,7,Rain,107
2007-12-29,57,50,44,50,46,42,94,83,69,30.29,30.21,30.16,10,8,2,8,4,,0.02,8,Rain,132
2007-12-30,52,48,43,50,42,31,93,75,56,30.39,30.34,30.28,10,9,2,13,5,,0.00,4,,330
2007-12-31,57,50,42,31,25,21,62,42,25,30.37,30.31,30.24,10,10,10,23,10,26,0.00,0,,352
